{"pool_selection": {"0": 31.868951320648193, "1": 28.36544370651245, "2": 29.32294011116028, "3": 25.027563095092773, "4": 25.89276647567749, "5": 28.68190288543701, "6": 28.822628498077393, "7": 28.549842596054077, "8": 28.51884627342224, "9": 28.622411012649536, "10": 24.313644647598267, "11": 29.27858304977417, "12": 29.329768180847168, "13": 29.65384006500244, "14": 28.13666820526123, "15": 28.772789478302002, "16": 29.851996660232544, "17": 24.982325553894043, "18": 22.893866539001465, "19": 22.189430475234985}, "roulette_selection": {"0": 399.93161606788635, "1": 353.1091642379761, "2": 303.98257756233215, "3": 323.34245467185974, "4": 349.58957695961, "5": 354.86041140556335, "6": 345.7018542289734, "7": 339.9801998138428, "8": 351.9939305782318, "9": 320.23020911216736, "10": 285.5974533557892, "11": 345.84971594810486, "12": 348.8362624645233, "13": 347.72424840927124, "14": 351.3178517818451, "15": 346.9474895000458, "16": 351.49272203445435, "17": 368.85945868492126, "18": 269.6476571559906, "19": 273.3485345840454}, "tournament_selection": {"0": 439.48235750198364, "1": 365.9924716949463, "2": 262.18452548980713, "3": 361.7250015735626, "4": 367.61060094833374, "5": 356.8684084415436, "6": 365.35800313949585, "7": 365.4970717430115, "8": 373.21082520484924, "9": 265.6417489051819, "10": 538.5665893554688, "11": 370.62216424942017, "12": 365.77801871299744, "13": 366.2465121746063, "14": 370.91354632377625, "15": 350.909068107605, "16": 375.38150691986084, "17": 327.3229739665985, "18": 278.3197183609009, "19": 267.3183286190033}}